OrderID,ProductID,UnitPrice,Quantity,Discount,DetailPrice
10248,11,14.00,12,0,168.00
10248,42,9.80,10,0,98.00
10248,72,34.80,5,0,174.00
10249,14,18.60,9,0,167.40
10249,51,42.40,40,0,1696.00
10250,41,7.70,10,0,77.00
10250,51,42.40,35,0.15,1484.00
10250,65,16.80,15,0.15,252.00
10251,22,16.80,6,0.05,100.80
10251,57,15.60,15,0.05,234.00
10251,65,16.80,20,0,336.00
10252,20,64.80,40,0.05,2592.00
10252,33,2.00,25,0.05,50.00
10252,60,27.20,40,0,1088.00
10253,31,10.00,20,0,200.00
10253,39,14.40,42,0,604.80
10253,49,16.00,40,0,640.00
10254,24,3.60,15,0.15,54.00
10254,55,19.20,21,0.15,403.20
10254,74,8.00,21,0,168.00
10255,2,15.20,20,0,304.00
10255,16,13.90,35,0,486.50
10255,36,15.20,25,0,380.00
10255,59,44.00,30,0,1320.00
10256,53,26.20,15,0,393.00
10256,77,10.40,12,0,124.80
10257,27,35.10,25,0,877.50
10257,39,14.40,6,0,86.40
10257,77,10.40,15,0,156.00
10258,2,15.20,50,0.2,760.00
10258,5,17.00,65,0.2,1105.00
10258,32,25.60,6,0.2,153.60
10259,21,8.00,10,0,80.00
10259,37,20.80,1,0,20.80
10260,41,7.70,16,0.25,123.20
10260,57,15.60,50,0,780.00
10260,62,39.40,15,0.25,591.00
10260,70,12.00,21,0.25,252.00
10261,21,8.00,20,0,160.00
10261,35,14.40,20,0,288.00
10262,5,17.00,12,0.2,204.00
10262,7,24.00,15,0,360.00
10262,56,30.40,2,0,60.80
10263,16,13.90,60,0.25,834.00
10263,24,3.60,28,0,100.80
10263,30,20.70,60,0.25,1242.00
10263,74,8.00,36,0.25,288.00
10264,2,15.20,35,0,532.00
10264,41,7.70,25,0.15,192.50
10265,17,31.20,30,0,936.00
10265,70,12.00,20,0,240.00
10266,12,30.40,12,0.05,364.80
10267,40,14.70,50,0,735.00
10267,59,44.00,70,0.15,3080.00
10267,76,14.40,15,0.15,216.00
10268,29,99.00,10,0,990.00
10268,72,27.80,4,0,111.20
10269,33,2.00,60,0.05,120.00
10269,72,27.80,20,0.05,556.00
10270,36,15.20,30,0,456.00
10270,43,36.80,25,0,920.00
10271,33,2.00,24,0,48.00
10272,20,64.80,6,0,388.80
10272,31,10.00,40,0,400.00
10272,72,27.80,24,0,667.20
10273,10,24.80,24,0.05,595.20
10273,31,10.00,15,0.05,150.00
10273,33,2.00,20,0,40.00
10273,40,14.70,60,0.05,882.00
10273,76,14.40,33,0.05,475.20
10274,71,17.20,20,0,344.00
10274,72,27.80,7,0,194.60
10275,24,3.60,12,0.05,43.20
10275,59,44.00,6,0.05,264.00
10276,10,24.80,15,0,372.00
10276,13,4.80,10,0,48.00
10277,28,36.40,20,0,728.00
10277,62,39.40,12,0,472.80
10278,44,15.50,16,0,248.00
10278,59,44.00,15,0,660.00
10278,63,35.10,8,0,280.80
10278,73,12.00,25,0,300.00
10279,17,31.20,15,0.25,468.00
10280,24,3.60,12,0,43.20
10280,55,19.20,20,0,384.00
10280,75,6.20,30,0,186.00
10281,19,7.30,1,0,7.30
10281,24,3.60,6,0,21.60
10281,35,14.40,4,0,57.60
10282,30,20.70,6,0,124.20
10282,57,15.60,2,0,31.20
10283,15,12.40,20,0,248.00
10283,19,7.30,18,0,131.40
10283,60,27.20,35,0,952.00
10283,72,27.80,3,0,83.40
10284,27,35.10,15,0.25,526.50
10284,44,15.50,21,0,325.50
10284,60,27.20,20,0.25,544.00
10284,67,11.20,5,0.25,56.00
10285,1,14.40,45,0.2,648.00
10285,40,14.70,40,0.2,588.00
10285,53,26.20,36,0.2,943.20
10286,35,14.40,100,0,1440.00
10286,62,39.40,40,0,1576.00
10287,16,13.90,40,0.15,556.00
10287,34,11.20,20,0,224.00
10287,46,9.60,15,0.15,144.00
10288,54,5.90,10,0.1,59.00
10288,68,10.00,3,0.1,30.00
10289,3,8.00,30,0,240.00
10289,64,26.60,9,0,239.40
10290,5,17.00,20,0,340.00
10290,29,99.00,15,0,1485.00
10290,49,16.00,15,0,240.00
10290,77,10.40,10,0,104.00
10291,13,4.80,20,0.1,96.00
10291,44,15.50,24,0.1,372.00
10291,51,42.40,2,0.1,84.80
10292,20,64.80,20,0,1296.00
10293,18,50.00,12,0,600.00
10293,24,3.60,10,0,36.00
10293,63,35.10,5,0,175.50
10293,75,6.20,6,0,37.20
10294,1,14.40,18,0,259.20
10294,17,31.20,15,0,468.00
10294,43,36.80,15,0,552.00
10294,60,27.20,21,0,571.20
10294,75,6.20,6,0,37.20
10295,56,30.40,4,0,121.60
10296,11,16.80,12,0,201.60
10296,16,13.90,30,0,417.00
10296,69,28.80,15,0,432.00
10297,39,14.40,60,0,864.00
10297,72,27.80,20,0,556.00
10298,2,15.20,40,0,608.00
10298,36,15.20,40,0.25,608.00
10298,59,44.00,30,0.25,1320.00
10298,62,39.40,15,0,591.00
10299,19,7.30,15,0,109.50
10299,70,12.00,20,0,240.00
10300,66,13.60,30,0,408.00
10300,68,10.00,20,0,200.00
10301,40,14.70,10,0,147.00
10301,56,30.40,20,0,608.00
10302,17,31.20,40,0,1248.00
10302,28,36.40,28,0,1019.20
10302,43,36.80,12,0,441.60
10303,40,14.70,40,0.1,588.00
10303,65,16.80,30,0.1,504.00
10303,68,10.00,15,0.1,150.00
10304,49,16.00,30,0,480.00
10304,59,44.00,10,0,440.00
10304,71,17.20,2,0,34.40
10305,18,50.00,25,0.1,1250.00
10305,29,99.00,25,0.1,2475.00
10305,39,14.40,30,0.1,432.00
10306,30,20.70,10,0,207.00
10306,53,26.20,10,0,262.00
10306,54,5.90,5,0,29.50
10307,62,39.40,10,0,394.00
10307,68,10.00,3,0,30.00
10308,69,28.80,1,0,28.80
10308,70,12.00,5,0,60.00
10309,4,17.60,20,0,352.00
10309,6,20.00,30,0,600.00
10309,42,11.20,2,0,22.40
10309,43,36.80,20,0,736.00
10309,71,17.20,3,0,51.60
10310,16,13.90,10,0,139.00
10310,62,39.40,5,0,197.00
10311,42,11.20,6,0,67.20
10311,69,28.80,7,0,201.60
10312,28,36.40,4,0,145.60
10312,43,36.80,24,0,883.20
10312,53,26.20,20,0,524.00
10312,75,6.20,10,0,62.00
10313,36,15.20,12,0,182.40
10314,32,25.60,40,0.1,1024.00
10314,58,10.60,30,0.1,318.00
10314,62,39.40,25,0.1,985.00
10315,34,11.20,14,0,156.80
10315,70,12.00,30,0,360.00
10316,41,7.70,10,0,77.00
10316,62,39.40,70,0,2758.00
10317,1,14.40,20,0,288.00
10318,41,7.70,20,0,154.00
10318,76,14.40,6,0,86.40
10319,17,31.20,8,0,249.60
10319,28,36.40,14,0,509.60
10319,76,14.40,30,0,432.00
10320,71,17.20,30,0,516.00
10321,35,14.40,10,0,144.00
10322,52,5.60,20,0,112.00
10323,15,12.40,5,0,62.00
10323,25,11.20,4,0,44.80
10323,39,14.40,4,0,57.60
10324,16,13.90,21,0.15,291.90
10324,35,14.40,70,0.15,1008.00
10324,46,9.60,30,0,288.00
10324,59,44.00,40,0.15,1760.00
10324,63,35.10,80,0.15,2808.00
10325,6,20.00,6,0,120.00
10325,13,4.80,12,0,57.60
10325,14,18.60,9,0,167.40
10325,31,10.00,4,0,40.00
10325,72,27.80,40,0,1112.00
10326,4,17.60,24,0,422.40
10326,57,15.60,16,0,249.60
10326,75,6.20,50,0,310.00
10327,2,15.20,25,0.2,380.00
10327,11,16.80,50,0.2,840.00
10327,30,20.70,35,0.2,724.50
10327,58,10.60,30,0.2,318.00
10328,59,44.00,9,0,396.00
10328,65,16.80,40,0,672.00
10328,68,10.00,10,0,100.00
10329,19,7.30,10,0.05,73.00
10329,30,20.70,8,0.05,165.60
10329,38,210.80,20,0.05,4216.00
10329,56,30.40,12,0.05,364.80
10330,26,24.90,50,0.15,1245.00
10330,72,27.80,25,0.15,695.00
10331,54,5.90,15,0,88.50
10332,18,50.00,40,0.2,2000.00
10332,42,11.20,10,0.2,112.00
10332,47,7.60,16,0.2,121.60
10333,14,18.60,10,0,186.00
10333,21,8.00,10,0.1,80.00
10333,71,17.20,40,0.1,688.00
10334,52,5.60,8,0,44.80
10334,68,10.00,10,0,100.00
10335,2,15.20,7,0.2,106.40
10335,31,10.00,25,0.2,250.00
10335,32,25.60,6,0.2,153.60
10335,51,42.40,48,0.2,2035.20
10336,4,17.60,18,0.1,316.80
10337,23,7.20,40,0,288.00
10337,26,24.90,24,0,597.60
10337,36,15.20,20,0,304.00
10337,37,20.80,28,0,582.40
10337,72,27.80,25,0,695.00
10338,17,31.20,20,0,624.00
10338,30,20.70,15,0,310.50
10339,4,17.60,10,0,176.00
10339,17,31.20,70,0.05,2184.00
10339,62,39.40,28,0,1103.20
10340,18,50.00,20,0.05,1000.00
10340,41,7.70,12,0.05,92.40
10340,43,36.80,40,0.05,1472.00
10341,33,2.00,8,0,16.00
10341,59,44.00,9,0.15,396.00
10342,2,15.20,24,0.2,364.80
10342,31,10.00,56,0.2,560.00
10342,36,15.20,40,0.2,608.00
10342,55,19.20,40,0.2,768.00
10343,64,26.60,50,0,1330.00
10343,68,10.00,4,0.05,40.00
10343,76,14.40,15,0,216.00
10344,4,17.60,35,0,616.00
10344,8,32.00,70,0.25,2240.00
10345,8,32.00,70,0,2240.00
10345,19,7.30,80,0,584.00
10345,42,11.20,9,0,100.80
10346,17,31.20,36,0.1,1123.20
10346,56,30.40,20,0,608.00
10347,25,11.20,10,0,112.00
10347,39,14.40,50,0.15,720.00
10347,40,14.70,4,0,58.80
10347,75,6.20,6,0.15,37.20
10348,1,14.40,15,0.15,216.00
10348,23,7.20,25,0,180.00
10349,54,5.90,24,0,141.60
10350,50,13.00,15,0.1,195.00
10350,69,28.80,18,0.1,518.40
10351,38,210.80,20,0.05,4216.00
10351,41,7.70,13,0,100.10
10351,44,15.50,77,0.05,1193.50
10351,65,16.80,10,0.05,168.00
10352,24,3.60,10,0,36.00
10352,54,5.90,20,0.15,118.00
10353,11,16.80,12,0.2,201.60
10353,38,210.80,50,0.2,10540.00
10354,1,14.40,12,0,172.80
10354,29,99.00,4,0,396.00
10355,24,3.60,25,0,90.00
10355,57,15.60,25,0,390.00
10356,31,10.00,30,0,300.00
10356,55,19.20,12,0,230.40
10356,69,28.80,20,0,576.00
10357,10,24.80,30,0.2,744.00
10357,26,24.90,16,0,398.40
10357,60,27.20,8,0.2,217.60
10358,24,3.60,10,0.05,36.00
10358,34,11.20,10,0.05,112.00
10358,36,15.20,20,0.05,304.00
10359,16,13.90,56,0.05,778.40
10359,31,10.00,70,0.05,700.00
10359,60,27.20,80,0.05,2176.00
10360,28,36.40,30,0,1092.00
10360,29,99.00,35,0,3465.00
10360,38,210.80,10,0,2108.00
10360,49,16.00,35,0,560.00
10360,54,5.90,28,0,165.20
10361,39,14.40,54,0.1,777.60
10361,60,27.20,55,0.1,1496.00
10362,25,11.20,50,0,560.00
10362,51,42.40,20,0,848.00
10362,54,5.90,24,0,141.60
10363,31,10.00,20,0,200.00
10363,75,6.20,12,0,74.40
10363,76,14.40,12,0,172.80
10364,69,28.80,30,0,864.00
10364,71,17.20,5,0,86.00
10365,11,16.80,24,0,403.20
10366,65,16.80,5,0,84.00
10366,77,10.40,5,0,52.00
10367,34,11.20,36,0,403.20
10367,54,5.90,18,0,106.20
10367,65,16.80,15,0,252.00
10367,77,10.40,7,0,72.80
10368,21,8.00,5,0.1,40.00
10368,28,36.40,13,0.1,473.20
10368,57,15.60,25,0,390.00
10368,64,26.60,35,0.1,931.00
10369,29,99.00,20,0,1980.00
10369,56,30.40,18,0.25,547.20
10370,1,14.40,15,0.15,216.00
10370,64,26.60,30,0,798.00
10370,74,8.00,20,0.15,160.00
10371,36,15.20,6,0.2,91.20
10372,20,64.80,12,0.25,777.60
10372,38,210.80,40,0.25,8432.00
10372,60,27.20,70,0.25,1904.00
10372,72,27.80,42,0.25,1167.60
10373,58,10.60,80,0.2,848.00
10373,71,17.20,50,0.2,860.00
10374,31,10.00,30,0,300.00
10374,58,10.60,15,0,159.00
10375,14,18.60,15,0,279.00
10375,54,5.90,10,0,59.00
10376,31,10.00,42,0.05,420.00
10377,28,36.40,20,0.15,728.00
10377,39,14.40,20,0.15,288.00
10378,71,17.20,6,0,103.20
10379,41,7.70,8,0.1,61.60
10379,63,35.10,16,0.1,561.60
10379,65,16.80,20,0.1,336.00
10380,30,20.70,18,0.1,372.60
10380,53,26.20,20,0.1,524.00
10380,60,27.20,6,0.1,163.20
10380,70,12.00,30,0,360.00
10381,74,8.00,14,0,112.00
10382,5,17.00,32,0,544.00
10382,18,50.00,9,0,450.00
10382,29,99.00,14,0,1386.00
10382,33,2.00,60,0,120.00
10382,74,8.00,50,0,400.00
10383,13,4.80,20,0,96.00
10383,50,13.00,15,0,195.00
10383,56,30.40,20,0,608.00
10384,20,64.80,28,0,1814.40
10384,60,27.20,15,0,408.00
10385,7,24.00,10,0.2,240.00
10385,60,27.20,20,0.2,544.00
10385,68,10.00,8,0.2,80.00
10386,24,3.60,15,0,54.00
10386,34,11.20,10,0,112.00
10387,24,3.60,15,0,54.00
10387,28,36.40,6,0,218.40
10387,59,44.00,12,0,528.00
10387,71,17.20,15,0,258.00
10388,45,7.60,15,0.2,114.00
10388,52,5.60,20,0.2,112.00
10388,53,26.20,40,0,1048.00
10389,10,24.80,16,0,396.80
10389,55,19.20,15,0,288.00
10389,62,39.40,20,0,788.00
10389,70,12.00,30,0,360.00
10390,31,10.00,60,0.1,600.00
10390,35,14.40,40,0.1,576.00
10390,46,9.60,45,0,432.00
10390,72,27.80,24,0.1,667.20
10391,13,4.80,18,0,86.40
10392,69,28.80,50,0,1440.00
10393,2,15.20,25,0.25,380.00
10393,14,18.60,42,0.25,781.20
10393,25,11.20,7,0.25,78.40
10393,26,24.90,70,0.25,1743.00
10393,31,10.00,32,0,320.00
10394,13,4.80,10,0,48.00
10394,62,39.40,10,0,394.00
10395,46,9.60,28,0.1,268.80
10395,53,26.20,70,0.1,1834.00
10395,69,28.80,8,0,230.40
10396,23,7.20,40,0,288.00
10396,71,17.20,60,0,1032.00
10396,72,27.80,21,0,583.80
10397,21,8.00,10,0.15,80.00
10397,51,42.40,18,0.15,763.20
10398,35,14.40,30,0,432.00
10398,55,19.20,120,0.1,2304.00
10399,68,10.00,60,0,600.00
10399,71,17.20,30,0,516.00
10399,76,14.40,35,0,504.00
10399,77,10.40,14,0,145.60
10400,29,99.00,21,0,2079.00
10400,35,14.40,35,0,504.00
10400,49,16.00,30,0,480.00
10401,30,20.70,18,0,372.60
10401,56,30.40,70,0,2128.00
10401,65,16.80,20,0,336.00
10401,71,17.20,60,0,1032.00
10402,23,7.20,60,0,432.00
10402,63,35.10,65,0,2281.50
10403,16,13.90,21,0.15,291.90
10403,48,10.20,70,0.15,714.00
10404,26,24.90,30,0.05,747.00
10404,42,11.20,40,0.05,448.00
10404,49,16.00,30,0.05,480.00
10405,3,8.00,50,0,400.00
10406,1,14.40,10,0,144.00
10406,21,8.00,30,0.1,240.00
10406,28,36.40,42,0.1,1528.80
10406,36,15.20,5,0.1,76.00
10406,40,14.70,2,0.1,29.40
10407,11,16.80,30,0,504.00
10407,69,28.80,15,0,432.00
10407,71,17.20,15,0,258.00
10408,37,20.80,10,0,208.00
10408,54,5.90,6,0,35.40
10408,62,39.40,35,0,1379.00
10409,14,18.60,12,0,223.20
10409,21,8.00,12,0,96.00
10410,33,2.00,49,0,98.00
10410,59,44.00,16,0,704.00
10411,41,7.70,25,0.2,192.50
10411,44,15.50,40,0.2,620.00
10411,59,44.00,9,0.2,396.00
10412,14,18.60,20,0.1,372.00
10413,1,14.40,24,0,345.60
10413,62,39.40,40,0,1576.00
10413,76,14.40,14,0,201.60
10414,19,7.30,18,0.05,131.40
10414,33,2.00,50,0,100.00
10415,17,31.20,2,0,62.40
10415,33,2.00,20,0,40.00
10416,19,7.30,20,0,146.00
10416,53,26.20,10,0,262.00
10416,57,15.60,20,0,312.00
10417,38,210.80,50,0,10540.00
10417,46,9.60,2,0.25,19.20
10417,68,10.00,36,0.25,360.00
10417,77,10.40,35,0,364.00
10418,2,15.20,60,0,912.00
10418,47,7.60,55,0,418.00
10418,61,22.80,16,0,364.80
10418,74,8.00,15,0,120.00
10419,60,27.20,60,0.05,1632.00
10419,69,28.80,20,0.05,576.00
10420,9,77.60,20,0.1,1552.00
10420,13,4.80,2,0.1,9.60
10420,70,12.00,8,0.1,96.00
10420,73,12.00,20,0.1,240.00
10421,19,7.30,4,0.15,29.20
10421,26,24.90,30,0,747.00
10421,53,26.20,15,0.15,393.00
10421,77,10.40,10,0.15,104.00
10422,26,24.90,2,0,49.80
10423,31,10.00,14,0,140.00
10423,59,44.00,20,0,880.00
10424,35,14.40,60,0.2,864.00
10424,38,210.80,49,0.2,10329.20
10424,68,10.00,30,0.2,300.00
10425,55,19.20,10,0.25,192.00
10425,76,14.40,20,0.25,288.00
10426,56,30.40,5,0,152.00
10426,64,26.60,7,0,186.20
10427,14,18.60,35,0,651.00
10428,46,9.60,20,0,192.00
10429,50,13.00,40,0,520.00
10429,63,35.10,35,0.25,1228.50
10430,17,31.20,45,0.2,1404.00
10430,21,8.00,50,0,400.00
10430,56,30.40,30,0,912.00
10430,59,44.00,70,0.2,3080.00
10431,17,31.20,50,0.25,1560.00
10431,40,14.70,50,0.25,735.00
10431,47,7.60,30,0.25,228.00
10432,26,24.90,10,0,249.00
10432,54,5.90,40,0,236.00
10433,56,30.40,28,0,851.20
10434,11,16.80,6,0,100.80
10434,76,14.40,18,0.15,259.20
10435,2,15.20,10,0,152.00
10435,22,16.80,12,0,201.60
10435,72,27.80,10,0,278.00
10436,46,9.60,5,0,48.00
10436,56,30.40,40,0.1,1216.00
10436,64,26.60,30,0.1,798.00
10436,75,6.20,24,0.1,148.80
10437,53,26.20,15,0,393.00
10438,19,7.30,15,0.2,109.50
10438,34,11.20,20,0.2,224.00
10438,57,15.60,15,0.2,234.00
10439,12,30.40,15,0,456.00
10439,16,13.90,16,0,222.40
10439,64,26.60,6,0,159.60
10439,74,8.00,30,0,240.00
10440,2,15.20,45,0.15,684.00
10440,16,13.90,49,0.15,681.10
10440,29,99.00,24,0.15,2376.00
10440,61,22.80,90,0.15,2052.00
10441,27,35.10,50,0,1755.00
10442,11,16.80,30,0,504.00
10442,54,5.90,80,0,472.00
10442,66,13.60,60,0,816.00
10443,11,16.80,6,0.2,100.80
10443,28,36.40,12,0,436.80
10444,17,31.20,10,0,312.00
10444,26,24.90,15,0,373.50
10444,35,14.40,8,0,115.20
10444,41,7.70,30,0,231.00
10445,39,14.40,6,0,86.40
10445,54,5.90,15,0,88.50
10446,19,7.30,12,0.1,87.60
10446,24,3.60,20,0.1,72.00
10446,31,10.00,3,0.1,30.00
10446,52,5.60,15,0.1,84.00
10447,19,7.30,40,0,292.00
10447,65,16.80,35,0,588.00
10447,71,17.20,2,0,34.40
10448,26,24.90,6,0,149.40
10448,40,14.70,20,0,294.00
10449,10,24.80,14,0,347.20
10449,52,5.60,20,0,112.00
10449,62,39.40,35,0,1379.00
10450,10,24.80,20,0.2,496.00
10450,54,5.90,6,0.2,35.40
10451,55,19.20,120,0.1,2304.00
10451,64,26.60,35,0.1,931.00
10451,65,16.80,28,0.1,470.40
10451,77,10.40,55,0.1,572.00
10452,28,36.40,15,0,546.00
10452,44,15.50,100,0.05,1550.00
10453,48,10.20,15,0.1,153.00
10453,70,12.00,25,0.1,300.00
10454,16,13.90,20,0.2,278.00
10454,33,2.00,20,0.2,40.00
10454,46,9.60,10,0.2,96.00
10455,39,14.40,20,0,288.00
10455,53,26.20,50,0,1310.00
10455,61,22.80,25,0,570.00
10455,71,17.20,30,0,516.00
10456,21,8.00,40,0.15,320.00
10456,49,16.00,21,0.15,336.00
10457,59,44.00,36,0,1584.00
10458,26,24.90,30,0,747.00
10458,28,36.40,30,0,1092.00
10458,43,36.80,20,0,736.00
10458,56,30.40,15,0,456.00
10458,71,17.20,50,0,860.00
10459,7,24.00,16,0.05,384.00
10459,46,9.60,20,0.05,192.00
10459,72,27.80,40,0,1112.00
10460,68,10.00,21,0.25,210.00
10460,75,6.20,4,0.25,24.80
10461,21,8.00,40,0.25,320.00
10461,30,20.70,28,0.25,579.60
10461,55,19.20,60,0.25,1152.00
10462,13,4.80,1,0,4.80
10462,23,7.20,21,0,151.20
10463,19,7.30,21,0,153.30
10463,42,11.20,50,0,560.00
10464,4,17.60,16,0.2,281.60
10464,43,36.80,3,0,110.40
10464,56,30.40,30,0.2,912.00
10464,60,27.20,20,0,544.00
10465,24,3.60,25,0,90.00
10465,29,99.00,18,0.1,1782.00
10465,40,14.70,20,0,294.00
10465,45,7.60,30,0.1,228.00
10465,50,13.00,25,0,325.00
10466,11,16.80,10,0,168.00
10466,46,9.60,5,0,48.00
10467,24,3.60,28,0,100.80
10467,25,11.20,12,0,134.40
10468,30,20.70,8,0,165.60
10468,43,36.80,15,0,552.00
10469,2,15.20,40,0.15,608.00
10469,16,13.90,35,0.15,486.50
10469,44,15.50,2,0.15,31.00
10470,18,50.00,30,0,1500.00
10470,23,7.20,15,0,108.00
10470,64,26.60,8,0,212.80
10471,7,24.00,30,0,720.00
10471,56,30.40,20,0,608.00
10472,24,3.60,80,0.05,288.00
10472,51,42.40,18,0,763.20
10473,33,2.00,12,0,24.00
10473,71,17.20,12,0,206.40
10474,14,18.60,12,0,223.20
10474,28,36.40,18,0,655.20
10474,40,14.70,21,0,308.70
10474,75,6.20,10,0,62.00
10475,31,10.00,35,0.15,350.00
10475,66,13.60,60,0.15,816.00
10475,76,14.40,42,0.15,604.80
10476,55,19.20,2,0.05,38.40
10476,70,12.00,12,0,144.00
10477,1,14.40,15,0,216.00
10477,21,8.00,21,0.25,168.00
10477,39,14.40,20,0.25,288.00
10478,10,24.80,20,0.05,496.00
10479,38,210.80,30,0,6324.00
10479,53,26.20,28,0,733.60
10479,59,44.00,60,0,2640.00
10479,64,26.60,30,0,798.00
10480,47,7.60,30,0,228.00
10480,59,44.00,12,0,528.00
10481,49,16.00,24,0,384.00
10481,60,27.20,40,0,1088.00
10482,40,14.70,10,0,147.00
10483,34,11.20,35,0.05,392.00
10483,77,10.40,30,0.05,312.00
10484,21,8.00,14,0,112.00
10484,40,14.70,10,0,147.00
10484,51,42.40,3,0,127.20
10485,2,15.20,20,0.1,304.00
10485,3,8.00,20,0.1,160.00
10485,55,19.20,30,0.1,576.00
10485,70,12.00,60,0.1,720.00
10486,11,16.80,5,0,84.00
10486,51,42.40,25,0,1060.00
10486,74,8.00,16,0,128.00
10487,19,7.30,5,0,36.50
10487,26,24.90,30,0,747.00
10487,54,5.90,24,0.25,141.60
10488,59,44.00,30,0,1320.00
10488,73,12.00,20,0.2,240.00
10489,11,16.80,15,0.25,252.00
10489,16,13.90,18,0,250.20
10490,59,44.00,60,0,2640.00
10490,68,10.00,30,0,300.00
10490,75,6.20,36,0,223.20
10491,44,15.50,15,0.15,232.50
10491,77,10.40,7,0.15,72.80
10492,25,11.20,60,0.05,672.00
10492,42,11.20,20,0.05,224.00
10493,65,16.80,15,0.1,252.00
10493,66,13.60,10,0.1,136.00
10493,69,28.80,10,0.1,288.00
10494,56,30.40,30,0,912.00
10495,23,7.20,10,0,72.00
10495,41,7.70,20,0,154.00
10495,77,10.40,5,0,52.00
10496,31,10.00,20,0.05,200.00
10497,56,30.40,14,0,425.60
10497,72,27.80,25,0,695.00
10497,77,10.40,25,0,260.00
10498,24,4.50,14,0,63.00
10498,40,18.40,5,0,92.00
10498,42,14.00,30,0,420.00
10499,28,45.60,20,0,912.00
10499,49,20.00,25,0,500.00
10500,15,15.50,12,0.05,186.00
10500,28,45.60,8,0.05,364.80
10501,54,7.45,20,0,149.00
10502,45,9.50,21,0,199.50
10502,53,32.80,6,0,196.80
10502,67,14.00,30,0,420.00
10503,14,23.25,70,0,1627.50
10503,65,21.05,20,0,421.00
10504,2,19.00,12,0,228.00
10504,21,10.00,12,0,120.00
10504,53,32.80,10,0,328.00
10504,61,28.50,25,0,712.50
10505,62,49.30,3,0,147.90
10506,25,14.00,18,0.1,252.00
10506,70,15.00,14,0.1,210.00
10507,43,46.00,15,0.15,690.00
10507,48,12.75,15,0.15,191.25
10508,13,6.00,10,0,60.00
10508,39,18.00,10,0,180.00
10509,28,45.60,3,0,136.80
10510,29,123.79,36,0,4456.44
10510,75,7.75,36,0.1,279.00
10511,4,22.00,50,0.15,1100.00
10511,7,30.00,50,0.15,1500.00
10511,8,40.00,10,0.15,400.00
10512,24,4.50,10,0.15,45.00
10512,46,12.00,9,0.15,108.00
10512,47,9.50,6,0.15,57.00
10512,60,34.00,12,0.15,408.00
10513,21,10.00,40,0.2,400.00
10513,32,32.00,50,0.2,1600.00
10513,61,28.50,15,0.2,427.50
10514,20,81.00,39,0,3159.00
10514,28,45.60,35,0,1596.00
10514,56,38.00,70,0,2660.00
10514,65,21.05,39,0,820.95
10514,75,7.75,50,0,387.50
10515,9,97.00,16,0.15,1552.00
10515,16,17.45,50,0,872.50
10515,27,43.90,120,0,5268.00
10515,33,2.50,16,0.15,40.00
10515,60,34.00,84,0.15,2856.00
10516,18,62.50,25,0.1,1562.50
10516,41,9.65,80,0.1,772.00
10516,42,14.00,20,0,280.00
10517,52,7.00,6,0,42.00
10517,59,55.00,4,0,220.00
10517,70,15.00,6,0,90.00
10518,24,4.50,5,0,22.50
10518,38,263.50,15,0,3952.50
10518,44,19.45,9,0,175.05
10519,10,31.00,16,0.05,496.00
10519,56,38.00,40,0,1520.00
10519,60,34.00,10,0.05,340.00
10520,24,4.50,8,0,36.00
10520,53,32.80,5,0,164.00
10521,35,18.00,3,0,54.00
10521,41,9.65,10,0,96.50
10521,68,12.50,6,0,75.00
10522,1,18.00,40,0.2,720.00
10522,8,40.00,24,0,960.00
10522,30,25.89,20,0.2,517.80
10522,40,18.40,25,0.2,460.00
10523,17,39.00,25,0.1,975.00
10523,20,81.00,15,0.1,1215.00
10523,37,26.00,18,0.1,468.00
10523,41,9.65,6,0.1,57.90
10524,10,31.00,2,0,62.00
10524,30,25.89,10,0,258.90
10524,43,46.00,60,0,2760.00
10524,54,7.45,15,0,111.75
10525,36,19.00,30,0,570.00
10525,40,18.40,15,0.1,276.00
10526,1,18.00,8,0.15,144.00
10526,13,6.00,10,0,60.00
10526,56,38.00,30,0.15,1140.00
10527,4,22.00,50,0.1,1100.00
10527,36,19.00,30,0.1,570.00
10528,11,21.00,3,0,63.00
10528,33,2.50,8,0.2,20.00
10528,72,34.80,9,0,313.20
10529,55,24.00,14,0,336.00
10529,68,12.50,20,0,250.00
10529,69,36.00,10,0,360.00
10530,17,39.00,40,0,1560.00
10530,43,46.00,25,0,1150.00
10530,61,28.50,20,0,570.00
10530,76,18.00,50,0,900.00
10531,59,55.00,2,0,110.00
10532,30,25.89,15,0,388.35
10532,66,17.00,24,0,408.00
10533,4,22.00,50,0.05,1100.00
10533,72,34.80,24,0,835.20
10533,73,15.00,24,0.05,360.00
10534,30,25.89,10,0,258.90
10534,40,18.40,10,0.2,184.00
10534,54,7.45,10,0.2,74.50
10535,11,21.00,50,0.1,1050.00
10535,40,18.40,10,0.1,184.00
10535,57,19.50,5,0.1,97.50
10535,59,55.00,15,0.1,825.00
10536,12,38.00,15,0.25,570.00
10536,31,12.50,20,0,250.00
10536,33,2.50,30,0,75.00
10536,60,34.00,35,0.25,1190.00
10537,31,12.50,30,0,375.00
10537,51,53.00,6,0,318.00
10537,58,13.25,20,0,265.00
10537,72,34.80,21,0,730.80
10537,73,15.00,9,0,135.00
10538,70,15.00,7,0,105.00
10538,72,34.80,1,0,34.80
10539,13,6.00,8,0,48.00
10539,21,10.00,15,0,150.00
10539,33,2.50,15,0,37.50
10539,49,20.00,6,0,120.00
10540,3,10.00,60,0,600.00
10540,26,31.23,40,0,1249.20
10540,38,263.50,30,0,7905.00
10540,68,12.50,35,0,437.50
10541,24,4.50,35,0.1,157.50
10541,38,263.50,4,0.1,1054.00
10541,65,21.05,36,0.1,757.80
10541,71,21.50,9,0.1,193.50
10542,11,21.00,15,0.05,315.00
10542,54,7.45,24,0.05,178.80
10543,12,38.00,30,0.15,1140.00
10543,23,9.00,70,0.15,630.00
10544,28,45.60,7,0,319.20
10544,67,14.00,7,0,98.00
10545,11,21.00,10,0,210.00
10546,7,30.00,10,0,300.00
10546,35,18.00,30,0,540.00
10546,62,49.30,40,0,1972.00
10547,32,32.00,24,0.15,768.00
10547,36,19.00,60,0,1140.00
10548,34,14.00,10,0.25,140.00
10548,41,9.65,14,0,135.10
10549,31,12.50,55,0.15,687.50
10549,45,9.50,100,0.15,950.00
10549,51,53.00,48,0.15,2544.00
10550,17,39.00,8,0.1,312.00
10550,19,9.20,10,0,92.00
10550,21,10.00,6,0.1,60.00
10550,61,28.50,10,0.1,285.00
10551,16,17.45,40,0.15,698.00
10551,35,18.00,20,0.15,360.00
10551,44,19.45,40,0,778.00
10552,69,36.00,18,0,648.00
10552,75,7.75,30,0,232.50
10553,11,21.00,15,0,315.00
10553,16,17.45,14,0,244.30
10553,22,21.00,24,0,504.00
10553,31,12.50,30,0,375.00
10553,35,18.00,6,0,108.00
10554,16,17.45,30,0.05,523.50
10554,23,9.00,20,0.05,180.00
10554,62,49.30,20,0.05,986.00
10554,77,13.00,10,0.05,130.00
10555,14,23.25,30,0.2,697.50
10555,19,9.20,35,0.2,322.00
10555,24,4.50,18,0.2,81.00
10555,51,53.00,20,0.2,1060.00
10555,56,38.00,40,0.2,1520.00
10556,72,34.80,24,0,835.20
10557,64,33.25,30,0,997.50
10557,75,7.75,20,0,155.00
10558,47,9.50,25,0,237.50
10558,51,53.00,20,0,1060.00
10558,52,7.00,30,0,210.00
10558,53,32.80,18,0,590.40
10558,73,15.00,3,0,45.00
10559,41,9.65,12,0.05,115.80
10559,55,24.00,18,0.05,432.00
10560,30,25.89,20,0,517.80
10560,62,49.30,15,0.25,739.50
10561,44,19.45,10,0,194.50
10561,51,53.00,50,0,2650.00
10562,33,2.50,20,0.1,50.00
10562,62,49.30,10,0.1,493.00
10563,36,19.00,25,0,475.00
10563,52,7.00,70,0,490.00
10564,17,39.00,16,0.05,624.00
10564,31,12.50,6,0.05,75.00
10564,55,24.00,25,0.05,600.00
10565,24,4.50,25,0.1,112.50
10565,64,33.25,18,0.1,598.50
10566,11,21.00,35,0.15,735.00
10566,18,62.50,18,0.15,1125.00
10566,76,18.00,10,0,180.00
10567,31,12.50,60,0.2,750.00
10567,51,53.00,3,0,159.00
10567,59,55.00,40,0.2,2200.00
10568,10,31.00,5,0,155.00
10569,31,12.50,35,0.2,437.50
10569,76,18.00,30,0,540.00
10570,11,21.00,15,0.05,315.00
10570,56,38.00,60,0.05,2280.00
10571,14,23.25,11,0.15,255.75
10571,42,14.00,28,0.15,392.00
10572,16,17.45,12,0.1,209.40
10572,32,32.00,10,0.1,320.00
10572,40,18.40,50,0,920.00
10572,75,7.75,15,0.1,116.25
10573,17,39.00,18,0,702.00
10573,34,14.00,40,0,560.00
10573,53,32.80,25,0,820.00
10574,33,2.50,14,0,35.00
10574,40,18.40,2,0,36.80
10574,62,49.30,10,0,493.00
10574,64,33.25,6,0,199.50
10575,59,55.00,12,0,660.00
10575,63,43.90,6,0,263.40
10575,72,34.80,30,0,1044.00
10575,76,18.00,10,0,180.00
10576,1,18.00,10,0,180.00
10576,31,12.50,20,0,250.00
10576,44,19.45,21,0,408.45
10577,39,18.00,10,0,180.00
10577,75,7.75,20,0,155.00
10577,77,13.00,18,0,234.00
10578,35,18.00,20,0,360.00
10578,57,19.50,6,0,117.00
10579,15,15.50,10,0,155.00
10579,75,7.75,21,0,162.75
10580,14,23.25,15,0.05,348.75
10580,41,9.65,9,0.05,86.85
10580,65,21.05,30,0.05,631.50
10581,75,7.75,50,0.2,387.50
10582,57,19.50,4,0,78.00
10582,76,18.00,14,0,252.00
10583,29,123.79,10,0,1237.90
10583,60,34.00,24,0.15,816.00
10583,69,36.00,10,0.15,360.00
10584,31,12.50,50,0.05,625.00
10585,47,9.50,15,0,142.50
10586,52,7.00,4,0.15,28.00
10587,26,31.23,6,0,187.38
10587,35,18.00,20,0,360.00
10587,77,13.00,20,0,260.00
10588,18,62.50,40,0.2,2500.00
10588,42,14.00,100,0.2,1400.00
10589,35,18.00,4,0,72.00
10590,1,18.00,20,0,360.00
10590,77,13.00,60,0.05,780.00
10591,3,10.00,14,0,140.00
10591,7,30.00,10,0,300.00
10591,54,7.45,50,0,372.50
10592,15,15.50,25,0.05,387.50
10592,26,31.23,5,0.05,156.15
10593,20,81.00,21,0.2,1701.00
10593,69,36.00,20,0.2,720.00
10593,76,18.00,4,0.2,72.00
10594,52,7.00,24,0,168.00
10594,58,13.25,30,0,397.50
10595,35,18.00,30,0.25,540.00
10595,61,28.50,120,0.25,3420.00
10595,69,36.00,65,0.25,2340.00
10596,56,38.00,5,0.2,190.00
10596,63,43.90,24,0.2,1053.60
10596,75,7.75,30,0.2,232.50
10597,24,4.50,35,0.2,157.50
10597,57,19.50,20,0,390.00
10597,65,21.05,12,0.2,252.60
10598,27,43.90,50,0,2195.00
10598,71,21.50,9,0,193.50
10599,62,49.30,10,0,493.00
10600,54,7.45,4,0,29.80
10600,73,15.00,30,0,450.00
10601,13,6.00,60,0,360.00
10601,59,55.00,35,0,1925.00
10602,77,13.00,5,0.25,65.00
10603,22,21.00,48,0,1008.00
10603,49,20.00,25,0.05,500.00
10604,48,12.75,6,0.1,76.50
10604,76,18.00,10,0.1,180.00
10605,16,17.45,30,0.05,523.50
10605,59,55.00,20,0.05,1100.00
10605,60,34.00,70,0.05,2380.00
10605,71,21.50,15,0.05,322.50
10606,4,22.00,20,0.2,440.00
10606,55,24.00,20,0.2,480.00
10606,62,49.30,10,0.2,493.00
10607,7,30.00,45,0,1350.00
10607,17,39.00,100,0,3900.00
10607,33,2.50,14,0,35.00
10607,40,18.40,42,0,772.80
10607,72,34.80,12,0,417.60
10608,56,38.00,28,0,1064.00
10609,1,18.00,3,0,54.00
10609,10,31.00,10,0,310.00
10609,21,10.00,6,0,60.00
10610,36,19.00,21,0.25,399.00
10611,1,18.00,6,0,108.00
10611,2,19.00,10,0,190.00
10611,60,34.00,15,0,510.00
10612,10,31.00,70,0,2170.00
10612,36,19.00,55,0,1045.00
10612,49,20.00,18,0,360.00
10612,60,34.00,40,0,1360.00
10612,76,18.00,80,0,1440.00
10613,13,6.00,8,0.1,48.00
10613,75,7.75,40,0,310.00
10614,11,21.00,14,0,294.00
10614,21,10.00,8,0,80.00
10614,39,18.00,5,0,90.00
10615,55,24.00,5,0,120.00
10616,38,263.50,15,0.05,3952.50
10616,56,38.00,14,0,532.00
10616,70,15.00,15,0.05,225.00
10616,71,21.50,15,0.05,322.50
10617,59,55.00,30,0.15,1650.00
10618,6,25.00,70,0,1750.00
10618,56,38.00,20,0,760.00
10618,68,12.50,15,0,187.50
10619,21,10.00,42,0,420.00
10619,22,21.00,40,0,840.00
10620,24,4.50,5,0,22.50
10620,52,7.00,5,0,35.00
10621,19,9.20,5,0,46.00
10621,23,9.00,10,0,90.00
10621,70,15.00,20,0,300.00
10621,71,21.50,15,0,322.50
10622,2,19.00,20,0,380.00
10622,68,12.50,18,0.2,225.00
10623,14,23.25,21,0,488.25
10623,19,9.20,15,0.1,138.00
10623,21,10.00,25,0.1,250.00
10623,24,4.50,3,0,13.50
10623,35,18.00,30,0.1,540.00
10624,28,45.60,10,0,456.00
10624,29,123.79,6,0,742.74
10624,44,19.45,10,0,194.50
10625,14,23.25,3,0,69.75
10625,42,14.00,5,0,70.00
10625,60,34.00,10,0,340.00
10626,53,32.80,12,0,393.60
10626,60,34.00,20,0,680.00
10626,71,21.50,20,0,430.00
10627,62,49.30,15,0,739.50
10627,73,15.00,35,0.15,525.00
10628,1,18.00,25,0,450.00
10629,29,123.79,20,0,2475.80
10629,64,33.25,9,0,299.25
10630,55,24.00,12,0.05,288.00
10630,76,18.00,35,0,630.00
10631,75,7.75,8,0.1,62.00
10632,2,19.00,30,0.05,570.00
10632,33,2.50,20,0.05,50.00
10633,12,38.00,36,0.15,1368.00
10633,13,6.00,13,0.15,78.00
10633,26,31.23,35,0.15,1093.05
10633,62,49.30,80,0.15,3944.00
10634,7,30.00,35,0,1050.00
10634,18,62.50,50,0,3125.00
10634,51,53.00,15,0,795.00
10634,75,7.75,2,0,15.50
10635,4,22.00,10,0.1,220.00
10635,5,21.35,15,0.1,320.25
10635,22,21.00,40,0,840.00
10636,4,22.00,25,0,550.00
10636,58,13.25,6,0,79.50
10637,11,21.00,10,0,210.00
10637,50,16.25,25,0.05,406.25
10637,56,38.00,60,0.05,2280.00
10638,45,9.50,20,0,190.00
10638,65,21.05,21,0,442.05
10638,72,34.80,60,0,2088.00
10639,18,62.50,8,0,500.00
10640,69,36.00,20,0.25,720.00
10640,70,15.00,15,0.25,225.00
10641,2,19.00,50,0,950.00
10641,40,18.40,60,0,1104.00
10642,21,10.00,30,0.2,300.00
10642,61,28.50,20,0.2,570.00
10643,28,45.60,15,0.25,684.00
10643,39,18.00,21,0.25,378.00
10643,46,12.00,2,0.25,24.00
10644,18,62.50,4,0.1,250.00
10644,43,46.00,20,0,920.00
10644,46,12.00,21,0.1,252.00
10645,18,62.50,20,0,1250.00
10645,36,19.00,15,0,285.00
10646,1,18.00,15,0.25,270.00
10646,10,31.00,18,0.25,558.00
10646,71,21.50,30,0.25,645.00
10646,77,13.00,35,0.25,455.00
10647,19,9.20,30,0,276.00
10647,39,18.00,20,0,360.00
10648,22,21.00,15,0,315.00
10648,24,4.50,15,0.15,67.50
10649,28,45.60,20,0,912.00
10649,72,34.80,15,0,522.00
10650,30,25.89,30,0,776.70
10650,53,32.80,25,0.05,820.00
10650,54,7.45,30,0,223.50
10651,19,9.20,12,0.25,110.40
10651,22,21.00,20,0.25,420.00
10652,30,25.89,2,0.25,51.78
10652,42,14.00,20,0,280.00
10653,16,17.45,30,0.1,523.50
10653,60,34.00,20,0.1,680.00
10654,4,22.00,12,0.1,264.00
10654,39,18.00,20,0.1,360.00
10654,54,7.45,6,0.1,44.70
10655,41,9.65,20,0.2,193.00
10656,14,23.25,3,0.1,69.75
10656,44,19.45,28,0.1,544.60
10656,47,9.50,6,0.1,57.00
10657,15,15.50,50,0,775.00
10657,41,9.65,24,0,231.60
10657,46,12.00,45,0,540.00
10657,47,9.50,10,0,95.00
10657,56,38.00,45,0,1710.00
10657,60,34.00,30,0,1020.00
10658,21,10.00,60,0,600.00
10658,40,18.40,70,0.05,1288.00
10658,60,34.00,55,0.05,1870.00
10658,77,13.00,70,0.05,910.00
10659,31,12.50,20,0.05,250.00
10659,40,18.40,24,0.05,441.60
10659,70,15.00,40,0.05,600.00
10660,20,81.00,21,0,1701.00
10661,39,18.00,3,0.2,54.00
10661,58,13.25,49,0.2,649.25
10662,68,12.50,10,0,125.00
10663,40,18.40,30,0.05,552.00
10663,42,14.00,30,0.05,420.00
10663,51,53.00,20,0.05,1060.00
10664,10,31.00,24,0.15,744.00
10664,56,38.00,12,0.15,456.00
10664,65,21.05,15,0.15,315.75
10665,51,53.00,20,0,1060.00
10665,59,55.00,1,0,55.00
10665,76,18.00,10,0,180.00
10666,29,123.79,36,0,4456.44
10666,65,21.05,10,0,210.50
10667,69,36.00,45,0.2,1620.00
10667,71,21.50,14,0.2,301.00
10668,31,12.50,8,0.1,100.00
10668,55,24.00,4,0.1,96.00
10668,64,33.25,15,0.1,498.75
10669,36,19.00,30,0,570.00
10670,23,9.00,32,0,288.00
10670,46,12.00,60,0,720.00
10670,67,14.00,25,0,350.00
10670,73,15.00,50,0,750.00
10670,75,7.75,25,0,193.75
10671,16,17.45,10,0,174.50
10671,62,49.30,10,0,493.00
10671,65,21.05,12,0,252.60
10672,38,263.50,15,0.1,3952.50
10672,71,21.50,12,0,258.00
10673,16,17.45,3,0,52.35
10673,42,14.00,6,0,84.00
10673,43,46.00,6,0,276.00
10674,23,9.00,5,0,45.00
10675,14,23.25,30,0,697.50
10675,53,32.80,10,0,328.00
10675,58,13.25,30,0,397.50
10676,10,31.00,2,0,62.00
10676,19,9.20,7,0,64.40
10676,44,19.45,21,0,408.45
10677,26,31.23,30,0.15,936.90
10677,33,2.50,8,0.15,20.00
10678,12,38.00,100,0,3800.00
10678,33,2.50,30,0,75.00
10678,41,9.65,120,0,1158.00
10678,54,7.45,30,0,223.50
10679,59,55.00,12,0,660.00
10680,16,17.45,50,0.25,872.50
10680,31,12.50,20,0.25,250.00
10680,42,14.00,40,0.25,560.00
10681,19,9.20,30,0.1,276.00
10681,21,10.00,12,0.1,120.00
10681,64,33.25,28,0,931.00
10682,33,2.50,30,0,75.00
10682,66,17.00,4,0,68.00
10682,75,7.75,30,0,232.50
10683,52,7.00,9,0,63.00
10684,40,18.40,20,0,368.00
10684,47,9.50,40,0,380.00
10684,60,34.00,30,0,1020.00
10685,10,31.00,20,0,620.00
10685,41,9.65,4,0,38.60
10685,47,9.50,15,0,142.50
10686,17,39.00,30,0.2,1170.00
10686,26,31.23,15,0,468.45
10687,9,97.00,50,0.25,4850.00
10687,29,123.79,10,0,1237.90
10687,36,19.00,6,0.25,114.00
10688,10,31.00,18,0.1,558.00
10688,28,45.60,60,0.1,2736.00
10688,34,14.00,14,0,196.00
10689,1,18.00,35,0.25,630.00
10690,56,38.00,20,0.25,760.00
10690,77,13.00,30,0.25,390.00
10691,1,18.00,30,0,540.00
10691,29,123.79,40,0,4951.60
10691,43,46.00,40,0,1840.00
10691,44,19.45,24,0,466.80
10691,62,49.30,48,0,2366.40
10692,63,43.90,20,0,878.00
10693,9,97.00,6,0,582.00
10693,54,7.45,60,0.15,447.00
10693,69,36.00,30,0.15,1080.00
10693,73,15.00,15,0.15,225.00
10694,7,30.00,90,0,2700.00
10694,59,55.00,25,0,1375.00
10694,70,15.00,50,0,750.00
10695,8,40.00,10,0,400.00
10695,12,38.00,4,0,152.00
10695,24,4.50,20,0,90.00
10696,17,39.00,20,0,780.00
10696,46,12.00,18,0,216.00
10697,19,9.20,7,0.25,64.40
10697,35,18.00,9,0.25,162.00
10697,58,13.25,30,0.25,397.50
10697,70,15.00,30,0.25,450.00
10698,11,21.00,15,0,315.00
10698,17,39.00,8,0.05,312.00
10698,29,123.79,12,0.05,1485.48
10698,65,21.05,65,0.05,1368.25
10698,70,15.00,8,0.05,120.00
10699,47,9.50,12,0,114.00
10700,1,18.00,5,0.2,90.00
10700,34,14.00,12,0.2,168.00
10700,68,12.50,40,0.2,500.00
10700,71,21.50,60,0.2,1290.00
10701,59,55.00,42,0.15,2310.00
10701,71,21.50,20,0.15,430.00
10701,76,18.00,35,0.15,630.00
10702,3,10.00,6,0,60.00
10702,76,18.00,15,0,270.00
10703,2,19.00,5,0,95.00
10703,59,55.00,35,0,1925.00
10703,73,15.00,35,0,525.00
10704,4,22.00,6,0,132.00
10704,24,4.50,35,0,157.50
10704,48,12.75,24,0,306.00
10705,31,12.50,20,0,250.00
10705,32,32.00,4,0,128.00
10706,16,17.45,20,0,349.00
10706,43,46.00,24,0,1104.00
10706,59,55.00,8,0,440.00
10707,55,24.00,21,0,504.00
10707,57,19.50,40,0,780.00
10707,70,15.00,28,0.15,420.00
10708,5,21.35,4,0,85.40
10708,36,19.00,5,0,95.00
10709,8,40.00,40,0,1600.00
10709,51,53.00,28,0,1484.00
10709,60,34.00,10,0,340.00
10710,19,9.20,5,0,46.00
10710,47,9.50,5,0,47.50
10711,19,9.20,12,0,110.40
10711,41,9.65,42,0,405.30
10711,53,32.80,120,0,3936.00
10712,53,32.80,3,0.05,98.40
10712,56,38.00,30,0,1140.00
10713,10,31.00,18,0,558.00
10713,26,31.23,30,0,936.90
10713,45,9.50,110,0,1045.00
10713,46,12.00,24,0,288.00
10714,2,19.00,30,0.25,570.00
10714,17,39.00,27,0.25,1053.00
10714,47,9.50,50,0.25,475.00
10714,56,38.00,18,0.25,684.00
10714,58,13.25,12,0.25,159.00
10715,10,31.00,21,0,651.00
10715,71,21.50,30,0,645.00
10716,21,10.00,5,0,50.00
10716,51,53.00,7,0,371.00
10716,61,28.50,10,0,285.00
10717,21,10.00,32,0.05,320.00
10717,54,7.45,15,0,111.75
10717,69,36.00,25,0.05,900.00
10718,12,38.00,36,0,1368.00
10718,16,17.45,20,0,349.00
10718,36,19.00,40,0,760.00
10718,62,49.30,20,0,986.00
10719,18,62.50,12,0.25,750.00
10719,30,25.89,3,0.25,77.67
10719,54,7.45,40,0.25,298.00
10720,35,18.00,21,0,378.00
10720,71,21.50,8,0,172.00
10721,44,19.45,50,0.05,972.50
10722,2,19.00,3,0,57.00
10722,31,12.50,50,0,625.00
10722,68,12.50,45,0,562.50
10722,75,7.75,42,0,325.50
10723,26,31.23,15,0,468.45
10724,10,31.00,16,0,496.00
10724,61,28.50,5,0,142.50
10725,41,9.65,12,0,115.80
10725,52,7.00,4,0,28.00
10725,55,24.00,6,0,144.00
10726,4,22.00,25,0,550.00
10726,11,21.00,5,0,105.00
10727,17,39.00,20,0.05,780.00
10727,56,38.00,10,0.05,380.00
10727,59,55.00,10,0.05,550.00
10728,30,25.89,15,0,388.35
10728,40,18.40,6,0,110.40
10728,55,24.00,12,0,288.00
10728,60,34.00,15,0,510.00
10729,1,18.00,50,0,900.00
10729,21,10.00,30,0,300.00
10729,50,16.25,40,0,650.00
10730,16,17.45,15,0.05,261.75
10730,31,12.50,3,0.05,37.50
10730,65,21.05,10,0.05,210.50
10731,21,10.00,40,0.05,400.00
10731,51,53.00,30,0.05,1590.00
10732,76,18.00,20,0,360.00
10733,14,23.25,16,0,372.00
10733,28,45.60,20,0,912.00
10733,52,7.00,25,0,175.00
10734,6,25.00,30,0,750.00
10734,30,25.89,15,0,388.35
10734,76,18.00,20,0,360.00
10735,61,28.50,20,0.1,570.00
10735,77,13.00,2,0.1,26.00
10736,65,21.05,40,0,842.00
10736,75,7.75,20,0,155.00
10737,13,6.00,4,0,24.00
10737,41,9.65,12,0,115.80
10738,16,17.45,3,0,52.35
10739,36,19.00,6,0,114.00
10739,52,7.00,18,0,126.00
10740,28,45.60,5,0.2,228.00
10740,35,18.00,35,0.2,630.00
10740,45,9.50,40,0.2,380.00
10740,56,38.00,14,0.2,532.00
10741,2,19.00,15,0.2,285.00
10742,3,10.00,20,0,200.00
10742,60,34.00,50,0,1700.00
10742,72,34.80,35,0,1218.00
10743,46,12.00,28,0.05,336.00
10744,40,18.40,50,0.2,920.00
10745,18,62.50,24,0,1500.00
10745,44,19.45,16,0,311.20
10745,59,55.00,45,0,2475.00
10745,72,34.80,7,0,243.60
10746,13,6.00,6,0,36.00
10746,42,14.00,28,0,392.00
10746,62,49.30,9,0,443.70
10746,69,36.00,40,0,1440.00
10747,31,12.50,8,0,100.00
10747,41,9.65,35,0,337.75
10747,63,43.90,9,0,395.10
10747,69,36.00,30,0,1080.00
10748,23,9.00,44,0,396.00
10748,40,18.40,40,0,736.00
10748,56,38.00,28,0,1064.00
10749,56,38.00,15,0,570.00
10749,59,55.00,6,0,330.00
10749,76,18.00,10,0,180.00
10750,14,23.25,5,0.15,116.25
10750,45,9.50,40,0.15,380.00
10750,59,55.00,25,0.15,1375.00
10751,26,31.23,12,0.1,374.76
10751,30,25.89,30,0,776.70
10751,50,16.25,20,0.1,325.00
10751,73,15.00,15,0,225.00
10752,1,18.00,8,0,144.00
10752,69,36.00,3,0,108.00
10753,45,9.50,4,0,38.00
10753,74,10.00,5,0,50.00
10754,40,18.40,3,0,55.20
10755,47,9.50,30,0.25,285.00
10755,56,38.00,30,0.25,1140.00
10755,57,19.50,14,0.25,273.00
10755,69,36.00,25,0.25,900.00
10756,18,62.50,21,0.2,1312.50
10756,36,19.00,20,0.2,380.00
10756,68,12.50,6,0.2,75.00
10756,69,36.00,20,0.2,720.00
10757,34,14.00,30,0,420.00
10757,59,55.00,7,0,385.00
10757,62,49.30,30,0,1479.00
10757,64,33.25,24,0,798.00
10758,26,31.23,20,0,624.60
10758,52,7.00,60,0,420.00
10758,70,15.00,40,0,600.00
10759,32,32.00,10,0,320.00
10760,25,14.00,12,0.25,168.00
10760,27,43.90,40,0,1756.00
10760,43,46.00,30,0.25,1380.00
10761,25,14.00,35,0.25,490.00
10761,75,7.75,18,0,139.50
10762,39,18.00,16,0,288.00
10762,47,9.50,30,0,285.00
10762,51,53.00,28,0,1484.00
10762,56,38.00,60,0,2280.00
10763,21,10.00,40,0,400.00
10763,22,21.00,6,0,126.00
10763,24,4.50,20,0,90.00
10764,3,10.00,20,0.1,200.00
10764,39,18.00,130,0.1,2340.00
10765,65,21.05,80,0.1,1684.00
10766,2,19.00,40,0,760.00
10766,7,30.00,35,0,1050.00
10766,68,12.50,40,0,500.00
10767,42,14.00,2,0,28.00
10768,22,21.00,4,0,84.00
10768,31,12.50,50,0,625.00
10768,60,34.00,15,0,510.00
10768,71,21.50,12,0,258.00
10769,41,9.65,30,0.05,289.50
10769,52,7.00,15,0.05,105.00
10769,61,28.50,20,0,570.00
10769,62,49.30,15,0,739.50
10770,11,21.00,15,0.25,315.00
10771,71,21.50,16,0,344.00
10772,29,123.79,18,0,2228.22
10772,59,55.00,25,0,1375.00
10773,17,39.00,33,0,1287.00
10773,31,12.50,70,0.2,875.00
10773,75,7.75,7,0.2,54.25
10774,31,12.50,2,0.25,25.00
10774,66,17.00,50,0,850.00
10775,10,31.00,6,0,186.00
10775,67,14.00,3,0,42.00
10776,31,12.50,16,0.05,200.00
10776,42,14.00,12,0.05,168.00
10776,45,9.50,27,0.05,256.50
10776,51,53.00,120,0.05,6360.00
10777,42,14.00,20,0.2,280.00
10778,41,9.65,10,0,96.50
10779,16,17.45,20,0,349.00
10779,62,49.30,20,0,986.00
10780,70,15.00,35,0,525.00
10780,77,13.00,15,0,195.00
10781,54,7.45,3,0.2,22.35
10781,56,38.00,20,0.2,760.00
10781,74,10.00,35,0,350.00
10782,31,12.50,1,0,12.50
10783,31,12.50,10,0,125.00
10783,38,263.50,5,0,1317.50
10784,36,19.00,30,0,570.00
10784,39,18.00,2,0.15,36.00
10784,72,34.80,30,0.15,1044.00
10785,10,31.00,10,0,310.00
10785,75,7.75,10,0,77.50
10786,8,40.00,30,0.2,1200.00
10786,30,25.89,15,0.2,388.35
10786,75,7.75,42,0.2,325.50
10787,2,19.00,15,0.05,285.00
10787,29,123.79,20,0.05,2475.80
10788,19,9.20,50,0.05,460.00
10788,75,7.75,40,0.05,310.00
10789,18,62.50,30,0,1875.00
10789,35,18.00,15,0,270.00
10789,63,43.90,30,0,1317.00
10789,68,12.50,18,0,225.00
10790,7,30.00,3,0.15,90.00
10790,56,38.00,20,0.15,760.00
10791,29,123.79,14,0.05,1733.06
10791,41,9.65,20,0.05,193.00
10792,2,19.00,10,0,190.00
10792,54,7.45,3,0,22.35
10792,68,12.50,15,0,187.50
10793,41,9.65,14,0,135.10
10793,52,7.00,8,0,56.00
10794,14,23.25,15,0.2,348.75
10794,54,7.45,6,0.2,44.70
10795,16,17.45,65,0,1134.25
10795,17,39.00,35,0.25,1365.00
10796,26,31.23,21,0.2,655.83
10796,44,19.45,10,0,194.50
10796,64,33.25,35,0.2,1163.75
10796,69,36.00,24,0.2,864.00
10797,11,21.00,20,0,420.00
10798,62,49.30,2,0,98.60
10798,72,34.80,10,0,348.00
10799,13,6.00,20,0.15,120.00
10799,24,4.50,20,0.15,90.00
10799,59,55.00,25,0,1375.00
10800,11,21.00,50,0.1,1050.00
10800,51,53.00,10,0.1,530.00
10800,54,7.45,7,0.1,52.15
10801,17,39.00,40,0.25,1560.00
10801,29,123.79,20,0.25,2475.80
10802,30,25.89,25,0.25,647.25
10802,51,53.00,30,0.25,1590.00
10802,55,24.00,60,0.25,1440.00
10802,62,49.30,5,0.25,246.50
10803,19,9.20,24,0.05,220.80
10803,25,14.00,15,0.05,210.00
10803,59,55.00,15,0.05,825.00
10804,10,31.00,36,0,1116.00
10804,28,45.60,24,0,1094.40
10804,49,20.00,4,0.15,80.00
10805,34,14.00,10,0,140.00
10805,38,263.50,10,0,2635.00
10806,2,19.00,20,0.25,380.00
10806,65,21.05,2,0,42.10
10806,74,10.00,15,0.25,150.00
10807,40,18.40,1,0,18.40
10808,56,38.00,20,0.15,760.00
10808,76,18.00,50,0.15,900.00
10809,52,7.00,20,0,140.00
10810,13,6.00,7,0,42.00
10810,25,14.00,5,0,70.00
10810,70,15.00,5,0,75.00
10811,19,9.20,15,0,138.00
10811,23,9.00,18,0,162.00
10811,40,18.40,30,0,552.00
10812,31,12.50,16,0.1,200.00
10812,72,34.80,40,0.1,1392.00
10812,77,13.00,20,0,260.00
10813,2,19.00,12,0.2,228.00
10813,46,12.00,35,0,420.00
10814,41,9.65,20,0,193.00
10814,43,46.00,20,0.15,920.00
10814,48,12.75,8,0.15,102.00
10814,61,28.50,30,0.15,855.00
10815,33,2.50,16,0,40.00
10816,38,263.50,30,0.05,7905.00
10816,62,49.30,20,0.05,986.00
10817,26,31.23,40,0.15,1249.20
10817,38,263.50,30,0,7905.00
10817,40,18.40,60,0.15,1104.00
10817,62,49.30,25,0.15,1232.50
10818,32,32.00,20,0,640.00
10818,41,9.65,20,0,193.00
10819,43,46.00,7,0,322.00
10819,75,7.75,20,0,155.00
10820,56,38.00,30,0,1140.00
10821,35,18.00,20,0,360.00
10821,51,53.00,6,0,318.00
10822,62,49.30,3,0,147.90
10822,70,15.00,6,0,90.00
10823,11,21.00,20,0.1,420.00
10823,57,19.50,15,0,292.50
10823,59,55.00,40,0.1,2200.00
10823,77,13.00,15,0.1,195.00
10824,41,9.65,12,0,115.80
10824,70,15.00,9,0,135.00
10825,26,31.23,12,0,374.76
10825,53,32.80,20,0,656.00
10826,31,12.50,35,0,437.50
10826,57,19.50,15,0,292.50
10827,10,31.00,15,0,465.00
10827,39,18.00,21,0,378.00
10828,20,81.00,5,0,405.00
10828,38,263.50,2,0,527.00
10829,2,19.00,10,0,190.00
10829,8,40.00,20,0,800.00
10829,13,6.00,10,0,60.00
10829,60,34.00,21,0,714.00
10830,6,25.00,6,0,150.00
10830,39,18.00,28,0,504.00
10830,60,34.00,30,0,1020.00
10830,68,12.50,24,0,300.00
10831,19,9.20,2,0,18.40
10831,35,18.00,8,0,144.00
10831,38,263.50,8,0,2108.00
10831,43,46.00,9,0,414.00
10832,13,6.00,3,0.2,18.00
10832,25,14.00,10,0.2,140.00
10832,44,19.45,16,0.2,311.20
10832,64,33.25,3,0,99.75
10833,7,30.00,20,0.1,600.00
10833,31,12.50,9,0.1,112.50
10833,53,32.80,9,0.1,295.20
10834,29,123.79,8,0.05,990.32
10834,30,25.89,20,0.05,517.80
10835,59,55.00,15,0,825.00
10835,77,13.00,2,0.2,26.00
10836,22,21.00,52,0,1092.00
10836,35,18.00,6,0,108.00
10836,57,19.50,24,0,468.00
10836,60,34.00,60,0,2040.00
10836,64,33.25,30,0,997.50
10837,13,6.00,6,0,36.00
10837,40,18.40,25,0,460.00
10837,47,9.50,40,0.25,380.00
10837,76,18.00,21,0.25,378.00
10838,1,18.00,4,0.25,72.00
10838,18,62.50,25,0.25,1562.50
10838,36,19.00,50,0.25,950.00
10839,58,13.25,30,0.1,397.50
10839,72,34.80,15,0.1,522.00
10840,25,14.00,6,0.2,84.00
10840,39,18.00,10,0.2,180.00
10841,10,31.00,16,0,496.00
10841,56,38.00,30,0,1140.00
10841,59,55.00,50,0,2750.00
10841,77,13.00,15,0,195.00
10842,11,21.00,15,0,315.00
10842,43,46.00,5,0,230.00
10842,68,12.50,20,0,250.00
10842,70,15.00,12,0,180.00
10843,51,53.00,4,0.25,212.00
10844,22,21.00,35,0,735.00
10845,23,9.00,70,0.1,630.00
10845,35,18.00,25,0.1,450.00
10845,42,14.00,42,0.1,588.00
10845,58,13.25,60,0.1,795.00
10845,64,33.25,48,0,1596.00
10846,4,22.00,21,0,462.00
10846,70,15.00,30,0,450.00
10846,74,10.00,20,0,200.00
10847,1,18.00,80,0.2,1440.00
10847,19,9.20,12,0.2,110.40
10847,37,26.00,60,0.2,1560.00
10847,45,9.50,36,0.2,342.00
10847,60,34.00,45,0.2,1530.00
10847,71,21.50,55,0.2,1182.50
10848,5,21.35,30,0,640.50
10848,9,97.00,3,0,291.00
10849,3,10.00,49,0,490.00
10849,26,31.23,18,0.15,562.14
10850,25,14.00,20,0.15,280.00
10850,33,2.50,4,0.15,10.00
10850,70,15.00,30,0.15,450.00
10851,2,19.00,5,0.05,95.00
10851,25,14.00,10,0.05,140.00
10851,57,19.50,10,0.05,195.00
10851,59,55.00,42,0.05,2310.00
10852,2,19.00,15,0,285.00
10852,17,39.00,6,0,234.00
10852,62,49.30,50,0,2465.00
10853,18,62.50,10,0,625.00
10854,10,31.00,100,0.15,3100.00
10854,13,6.00,65,0.15,390.00
10855,16,17.45,50,0,872.50
10855,31,12.50,14,0,175.00
10855,56,38.00,24,0,912.00
10855,65,21.05,15,0.15,315.75
10856,2,19.00,20,0,380.00
10856,42,14.00,20,0,280.00
10857,3,10.00,30,0,300.00
10857,26,31.23,35,0.25,1093.05
10857,29,123.79,10,0.25,1237.90
10858,7,30.00,5,0,150.00
10858,27,43.90,10,0,439.00
10858,70,15.00,4,0,60.00
10859,24,4.50,40,0.25,180.00
10859,54,7.45,35,0.25,260.75
10859,64,33.25,30,0.25,997.50
10860,51,53.00,3,0,159.00
10860,76,18.00,20,0,360.00
10861,17,39.00,42,0,1638.00
10861,18,62.50,20,0,1250.00
10861,21,10.00,40,0,400.00
10861,33,2.50,35,0,87.50
10861,62,49.30,3,0,147.90
10862,11,21.00,25,0,525.00
10862,52,7.00,8,0,56.00
10863,1,18.00,20,0.15,360.00
10863,58,13.25,12,0.15,159.00
10864,35,18.00,4,0,72.00
10864,67,14.00,15,0,210.00
10865,38,263.50,60,0.05,15810.00
10865,39,18.00,80,0.05,1440.00
10866,2,19.00,21,0.25,399.00
10866,24,4.50,6,0.25,27.00
10866,30,25.89,40,0.25,1035.60
10867,53,32.80,3,0,98.40
10868,26,31.23,20,0,624.60
10868,35,18.00,30,0,540.00
10868,49,20.00,42,0.1,840.00
10869,1,18.00,40,0,720.00
10869,11,21.00,10,0,210.00
10869,23,9.00,50,0,450.00
10869,68,12.50,20,0,250.00
10870,35,18.00,3,0,54.00
10870,51,53.00,2,0,106.00
10871,6,25.00,50,0.05,1250.00
10871,16,17.45,12,0.05,209.40
10871,17,39.00,16,0.05,624.00
10872,55,24.00,10,0.05,240.00
10872,62,49.30,20,0.05,986.00
10872,64,33.25,15,0.05,498.75
10872,65,21.05,21,0.05,442.05
10873,21,10.00,20,0,200.00
10873,28,45.60,3,0,136.80
10874,10,31.00,10,0,310.00
10875,19,9.20,25,0,230.00
10875,47,9.50,21,0.1,199.50
10875,49,20.00,15,0,300.00
10876,46,12.00,21,0,252.00
10876,64,33.25,20,0,665.00
10877,16,17.45,30,0.25,523.50
10877,18,62.50,25,0,1562.50
10878,20,81.00,20,0.05,1620.00
10879,40,18.40,12,0,220.80
10879,65,21.05,10,0,210.50
10879,76,18.00,10,0,180.00
10880,23,9.00,30,0.2,270.00
10880,61,28.50,30,0.2,855.00
10880,70,15.00,50,0.2,750.00
10881,73,15.00,10,0,150.00
10882,42,14.00,25,0,350.00
10882,49,20.00,20,0.15,400.00
10882,54,7.45,32,0.15,238.40
10883,24,4.50,8,0,36.00
10884,21,10.00,40,0.05,400.00
10884,56,38.00,21,0.05,798.00
10884,65,21.05,12,0.05,252.60
10885,2,19.00,20,0,380.00
10885,24,4.50,12,0,54.00
10885,70,15.00,30,0,450.00
10885,77,13.00,25,0,325.00
10886,10,31.00,70,0,2170.00
10886,31,12.50,35,0,437.50
10886,77,13.00,40,0,520.00
10887,25,14.00,5,0,70.00
10888,2,19.00,20,0,380.00
10888,68,12.50,18,0,225.00
10889,11,21.00,40,0,840.00
10889,38,263.50,40,0,10540.00
10890,17,39.00,15,0,585.00
10890,34,14.00,10,0,140.00
10890,41,9.65,14,0,135.10
10891,30,25.89,15,0.05,388.35
10892,59,55.00,40,0.05,2200.00
10893,8,40.00,30,0,1200.00
10893,24,4.50,10,0,45.00
10893,29,123.79,24,0,2970.96
10893,30,25.89,35,0,906.15
10893,36,19.00,20,0,380.00
10894,13,6.00,28,0.05,168.00
10894,69,36.00,50,0.05,1800.00
10894,75,7.75,120,0.05,930.00
10895,24,4.50,110,0,495.00
10895,39,18.00,45,0,810.00
10895,40,18.40,91,0,1674.40
10895,60,34.00,100,0,3400.00
10896,45,9.50,15,0,142.50
10896,56,38.00,16,0,608.00
10897,29,123.79,80,0,9903.20
10897,30,25.89,36,0,932.04
10898,13,6.00,5,0,30.00
10899,39,18.00,8,0.15,144.00
10900,70,15.00,3,0.25,45.00
10901,41,9.65,30,0,289.50
10901,71,21.50,30,0,645.00
10902,55,24.00,30,0.15,720.00
10902,62,49.30,6,0.15,295.80
10903,13,6.00,40,0,240.00
10903,65,21.05,21,0,442.05
10903,68,12.50,20,0,250.00
10904,58,13.25,15,0,198.75
10904,62,49.30,35,0,1725.50
10905,1,18.00,20,0.05,360.00
10906,61,28.50,15,0,427.50
10907,75,7.75,14,0,108.50
10908,7,30.00,20,0.05,600.00
10908,52,7.00,14,0.05,98.00
10909,7,30.00,12,0,360.00
10909,16,17.45,15,0,261.75
10909,41,9.65,5,0,48.25
10910,19,9.20,12,0,110.40
10910,49,20.00,10,0,200.00
10910,61,28.50,5,0,142.50
10911,1,18.00,10,0,180.00
10911,17,39.00,12,0,468.00
10911,67,14.00,15,0,210.00
10912,11,21.00,40,0.25,840.00
10912,29,123.79,60,0.25,7427.40
10913,4,22.00,30,0.25,660.00
10913,33,2.50,40,0.25,100.00
10913,58,13.25,15,0,198.75
10914,71,21.50,25,0,537.50
10915,17,39.00,10,0,390.00
10915,33,2.50,30,0,75.00
10915,54,7.45,10,0,74.50
10916,16,17.45,6,0,104.70
10916,32,32.00,6,0,192.00
10916,57,19.50,20,0,390.00
10917,30,25.89,1,0,25.89
10917,60,34.00,10,0,340.00
10918,1,18.00,60,0.25,1080.00
10918,60,34.00,25,0.25,850.00
10919,16,17.45,24,0,418.80
10919,25,14.00,24,0,336.00
10919,40,18.40,20,0,368.00
10920,50,16.25,24,0,390.00
10921,35,18.00,10,0,180.00
10921,63,43.90,40,0,1756.00
10922,17,39.00,15,0,585.00
10922,24,4.50,35,0,157.50
10923,42,14.00,10,0.2,140.00
10923,43,46.00,10,0.2,460.00
10923,67,14.00,24,0.2,336.00
10924,10,31.00,20,0.1,620.00
10924,28,45.60,30,0.1,1368.00
10924,75,7.75,6,0,46.50
10925,36,19.00,25,0.15,475.00
10925,52,7.00,12,0.15,84.00
10926,11,21.00,2,0,42.00
10926,13,6.00,10,0,60.00
10926,19,9.20,7,0,64.40
10926,72,34.80,10,0,348.00
10927,20,81.00,5,0,405.00
10927,52,7.00,5,0,35.00
10927,76,18.00,20,0,360.00
10928,47,9.50,5,0,47.50
10928,76,18.00,5,0,90.00
10929,21,10.00,60,0,600.00
10929,75,7.75,49,0,379.75
10929,77,13.00,15,0,195.00
10930,21,10.00,36,0,360.00
10930,27,43.90,25,0,1097.50
10930,55,24.00,25,0.2,600.00
10930,58,13.25,30,0.2,397.50
10931,13,6.00,42,0.15,252.00
10931,57,19.50,30,0,585.00
10932,16,17.45,30,0.1,523.50
10932,62,49.30,14,0.1,690.20
10932,72,34.80,16,0,556.80
10932,75,7.75,20,0.1,155.00
10933,53,32.80,2,0,65.60
10933,61,28.50,30,0,855.00
10934,6,25.00,20,0,500.00
10935,1,18.00,21,0,378.00
10935,18,62.50,4,0.25,250.00
10935,23,9.00,8,0.25,72.00
10936,36,19.00,30,0.2,570.00
10937,28,45.60,8,0,364.80
10937,34,14.00,20,0,280.00
10938,13,6.00,20,0.25,120.00
10938,43,46.00,24,0.25,1104.00
10938,60,34.00,49,0.25,1666.00
10938,71,21.50,35,0.25,752.50
10939,2,19.00,10,0.15,190.00
10939,67,14.00,40,0.15,560.00
10940,7,30.00,8,0,240.00
10940,13,6.00,20,0,120.00
10941,31,12.50,44,0.25,550.00
10941,62,49.30,30,0.25,1479.00
10941,68,12.50,80,0.25,1000.00
10941,72,34.80,50,0,1740.00
10942,49,20.00,28,0,560.00
10943,13,6.00,15,0,90.00
10943,22,21.00,21,0,441.00
10943,46,12.00,15,0,180.00
10944,11,21.00,5,0.25,105.00
10944,44,19.45,18,0.25,350.10
10944,56,38.00,18,0,684.00
10945,13,6.00,20,0,120.00
10945,31,12.50,10,0,125.00
10946,10,31.00,25,0,775.00
10946,24,4.50,25,0,112.50
10946,77,13.00,40,0,520.00
10947,59,55.00,4,0,220.00
10948,50,16.25,9,0,146.25
10948,51,53.00,40,0,2120.00
10948,55,24.00,4,0,96.00
10949,6,25.00,12,0,300.00
10949,10,31.00,30,0,930.00
10949,17,39.00,6,0,234.00
10949,62,49.30,60,0,2958.00
10950,4,22.00,5,0,110.00
10951,33,2.50,15,0.05,37.50
10951,41,9.65,6,0.05,57.90
10951,75,7.75,50,0.05,387.50
10952,6,25.00,16,0.05,400.00
10952,28,45.60,2,0,91.20
10953,20,81.00,50,0.05,4050.00
10953,31,12.50,50,0.05,625.00
10954,16,17.45,28,0.15,488.60
10954,31,12.50,25,0.15,312.50
10954,45,9.50,30,0,285.00
10954,60,34.00,24,0.15,816.00
10955,75,7.75,12,0.2,93.00
10956,21,10.00,12,0,120.00
10956,47,9.50,14,0,133.00
10956,51,53.00,8,0,424.00
10957,30,25.89,30,0,776.70
10957,35,18.00,40,0,720.00
10957,64,33.25,8,0,266.00
10958,5,21.35,20,0,427.00
10958,7,30.00,6,0,180.00
10958,72,34.80,5,0,174.00
10959,75,7.75,20,0.15,155.00
10960,24,4.50,10,0.25,45.00
10960,41,9.65,24,0,231.60
10961,52,7.00,6,0.05,42.00
10961,76,18.00,60,0,1080.00
10962,7,30.00,45,0,1350.00
10962,13,6.00,77,0,462.00
10962,53,32.80,20,0,656.00
10962,69,36.00,9,0,324.00
10962,76,18.00,44,0,792.00
10963,60,34.00,2,0.15,68.00
10964,18,62.50,6,0,375.00
10964,38,263.50,5,0,1317.50
10964,69,36.00,10,0,360.00
10965,51,53.00,16,0,848.00
10966,37,26.00,8,0,208.00
10966,56,38.00,12,0.15,456.00
10966,62,49.30,12,0.15,591.60
10967,19,9.20,12,0,110.40
10967,49,20.00,40,0,800.00
10968,12,38.00,30,0,1140.00
10968,24,4.50,30,0,135.00
10968,64,33.25,4,0,133.00
10969,46,12.00,9,0,108.00
10970,52,7.00,40,0.2,280.00
10971,29,123.79,14,0,1733.06
10972,17,39.00,6,0,234.00
10972,33,2.50,7,0,17.50
10973,26,31.23,5,0,156.15
10973,41,9.65,6,0,57.90
10973,75,7.75,10,0,77.50
10974,63,43.90,10,0,439.00
10975,8,40.00,16,0,640.00
10975,75,7.75,10,0,77.50
10976,28,45.60,20,0,912.00
10977,39,18.00,30,0,540.00
10977,47,9.50,30,0,285.00
10977,51,53.00,10,0,530.00
10977,63,43.90,20,0,878.00
10978,8,40.00,20,0.15,800.00
10978,21,10.00,40,0.15,400.00
10978,40,18.40,10,0,184.00
10978,44,19.45,6,0.15,116.70
10979,7,30.00,18,0,540.00
10979,12,38.00,20,0,760.00
10979,24,4.50,80,0,360.00
10979,27,43.90,30,0,1317.00
10979,31,12.50,24,0,300.00
10979,63,43.90,35,0,1536.50
10980,75,7.75,40,0.2,310.00
10981,38,263.50,60,0,15810.00
10982,7,30.00,20,0,600.00
10982,43,46.00,9,0,414.00
10983,13,6.00,84,0.15,504.00
10983,57,19.50,15,0,292.50
10984,16,17.45,55,0,959.75
10984,24,4.50,20,0,90.00
10984,36,19.00,40,0,760.00
10985,16,17.45,36,0.1,628.20
10985,18,62.50,8,0.1,500.00
10985,32,32.00,35,0.1,1120.00
10986,11,21.00,30,0,630.00
10986,20,81.00,15,0,1215.00
10986,76,18.00,10,0,180.00
10986,77,13.00,15,0,195.00
10987,7,30.00,60,0,1800.00
10987,43,46.00,6,0,276.00
10987,72,34.80,20,0,696.00
10988,7,30.00,60,0,1800.00
10988,62,49.30,40,0.1,1972.00
10989,6,25.00,40,0,1000.00
10989,11,21.00,15,0,315.00
10989,41,9.65,4,0,38.60
10990,21,10.00,65,0,650.00
10990,34,14.00,60,0.15,840.00
10990,55,24.00,65,0.15,1560.00
10990,61,28.50,66,0.15,1881.00
10991,2,19.00,50,0.2,950.00
10991,70,15.00,20,0.2,300.00
10991,76,18.00,90,0.2,1620.00
10992,72,34.80,2,0,69.60
10993,29,123.79,50,0.25,6189.50
10993,41,9.65,35,0.25,337.75
10994,59,55.00,18,0.05,990.00
10995,51,53.00,20,0,1060.00
10995,60,34.00,4,0,136.00
10996,42,14.00,40,0,560.00
10997,32,32.00,50,0,1600.00
10997,46,12.00,20,0.25,240.00
10997,52,7.00,20,0.25,140.00
10998,24,4.50,12,0,54.00
10998,61,28.50,7,0,199.50
10998,74,10.00,20,0,200.00
10998,75,7.75,30,0,232.50
10999,41,9.65,20,0.05,193.00
10999,51,53.00,15,0.05,795.00
10999,77,13.00,21,0.05,273.00
11000,4,22.00,25,0.25,550.00
11000,24,4.50,30,0.25,135.00
11000,77,13.00,30,0,390.00
11001,7,30.00,60,0,1800.00
11001,22,21.00,25,0,525.00
11001,46,12.00,25,0,300.00
11001,55,24.00,6,0,144.00
11002,13,6.00,56,0,336.00
11002,35,18.00,15,0.15,270.00
11002,42,14.00,24,0.15,336.00
11002,55,24.00,40,0,960.00
11003,1,18.00,4,0,72.00
11003,40,18.40,10,0,184.00
11003,52,7.00,10,0,70.00
11004,26,31.23,6,0,187.38
11004,76,18.00,6,0,108.00
11005,1,18.00,2,0,36.00
11005,59,55.00,10,0,550.00
11006,1,18.00,8,0,144.00
11006,29,123.79,2,0.25,247.58
11007,8,40.00,30,0,1200.00
11007,29,123.79,10,0,1237.90
11007,42,14.00,14,0,196.00
11008,28,45.60,70,0.05,3192.00
11008,34,14.00,90,0.05,1260.00
11008,71,21.50,21,0,451.50
11009,24,4.50,12,0,54.00
11009,36,19.00,18,0.25,342.00
11009,60,34.00,9,0,306.00
11010,7,30.00,20,0,600.00
11010,24,4.50,10,0,45.00
11011,58,13.25,40,0.05,530.00
11011,71,21.50,20,0,430.00
11012,19,9.20,50,0.05,460.00
11012,60,34.00,36,0.05,1224.00
11012,71,21.50,60,0.05,1290.00
11013,23,9.00,10,0,90.00
11013,42,14.00,4,0,56.00
11013,45,9.50,20,0,190.00
11013,68,12.50,2,0,25.00
11014,41,9.65,28,0.1,270.20
11015,30,25.89,15,0,388.35
11015,77,13.00,18,0,234.00
11016,31,12.50,15,0,187.50
11016,36,19.00,16,0,304.00
11017,3,10.00,25,0,250.00
11017,59,55.00,110,0,6050.00
11017,70,15.00,30,0,450.00
11018,12,38.00,20,0,760.00
11018,18,62.50,10,0,625.00
11018,56,38.00,5,0,190.00
11019,46,12.00,3,0,36.00
11019,49,20.00,2,0,40.00
11020,10,31.00,24,0.15,744.00
11021,2,19.00,11,0.25,209.00
11021,20,81.00,15,0,1215.00
11021,26,31.23,63,0,1967.49
11021,51,53.00,44,0.25,2332.00
11021,72,34.80,35,0,1218.00
11022,19,9.20,35,0,322.00
11022,69,36.00,30,0,1080.00
11023,7,30.00,4,0,120.00
11023,43,46.00,30,0,1380.00
11024,26,31.23,12,0,374.76
11024,33,2.50,30,0,75.00
11024,65,21.05,21,0,442.05
11024,71,21.50,50,0,1075.00
11025,1,18.00,10,0.1,180.00
11025,13,6.00,20,0.1,120.00
11026,18,62.50,8,0,500.00
11026,51,53.00,10,0,530.00
11027,24,4.50,30,0.25,135.00
11027,62,49.30,21,0.25,1035.30
11028,55,24.00,35,0,840.00
11028,59,55.00,24,0,1320.00
11029,56,38.00,20,0,760.00
11029,63,43.90,12,0,526.80
11030,2,19.00,100,0.25,1900.00
11030,5,21.35,70,0,1494.50
11030,29,123.79,60,0.25,7427.40
11030,59,55.00,100,0.25,5500.00
11031,1,18.00,45,0,810.00
11031,13,6.00,80,0,480.00
11031,24,4.50,21,0,94.50
11031,64,33.25,20,0,665.00
11031,71,21.50,16,0,344.00
11032,36,19.00,35,0,665.00
11032,38,263.50,25,0,6587.50
11032,59,55.00,30,0,1650.00
11033,53,32.80,70,0.1,2296.00
11033,69,36.00,36,0.1,1296.00
11034,21,10.00,15,0.1,150.00
11034,44,19.45,12,0,233.40
11034,61,28.50,6,0,171.00
11035,1,18.00,10,0,180.00
11035,35,18.00,60,0,1080.00
11035,42,14.00,30,0,420.00
11035,54,7.45,10,0,74.50
11036,13,6.00,7,0,42.00
11036,59,55.00,30,0,1650.00
11037,70,15.00,4,0,60.00
11038,40,18.40,5,0.2,92.00
11038,52,7.00,2,0,14.00
11038,71,21.50,30,0,645.00
11039,28,45.60,20,0,912.00
11039,35,18.00,24,0,432.00
11039,49,20.00,60,0,1200.00
11039,57,19.50,28,0,546.00
11040,21,10.00,20,0,200.00
11041,2,19.00,30,0.2,570.00
11041,63,43.90,30,0,1317.00
11042,44,19.45,15,0,291.75
11042,61,28.50,4,0,114.00
11043,11,21.00,10,0,210.00
11044,62,49.30,12,0,591.60
11045,33,2.50,15,0,37.50
11045,51,53.00,24,0,1272.00
11046,12,38.00,20,0.05,760.00
11046,32,32.00,15,0.05,480.00
11046,35,18.00,18,0.05,324.00
11047,1,18.00,25,0.25,450.00
11047,5,21.35,30,0.25,640.50
11048,68,12.50,42,0,525.00
11049,2,19.00,10,0.2,190.00
11049,12,38.00,4,0.2,152.00
11050,76,18.00,50,0.1,900.00
11051,24,4.50,10,0.2,45.00
11052,43,46.00,30,0.2,1380.00
11052,61,28.50,10,0.2,285.00
11053,18,62.50,35,0.2,2187.50
11053,32,32.00,20,0,640.00
11053,64,33.25,25,0.2,831.25
11054,33,2.50,10,0,25.00
11054,67,14.00,20,0,280.00
11055,24,4.50,15,0,67.50
11055,25,14.00,15,0,210.00
11055,51,53.00,20,0,1060.00
11055,57,19.50,20,0,390.00
11056,7,30.00,40,0,1200.00
11056,55,24.00,35,0,840.00
11056,60,34.00,50,0,1700.00
11057,70,15.00,3,0,45.00
11058,21,10.00,3,0,30.00
11058,60,34.00,21,0,714.00
11058,61,28.50,4,0,114.00
11059,13,6.00,30,0,180.00
11059,17,39.00,12,0,468.00
11059,60,34.00,35,0,1190.00
11060,60,34.00,4,0,136.00
11060,77,13.00,10,0,130.00
11061,60,34.00,15,0,510.00
11062,53,32.80,10,0.2,328.00
11062,70,15.00,12,0.2,180.00
11063,34,14.00,30,0,420.00
11063,40,18.40,40,0.1,736.00
11063,41,9.65,30,0.1,289.50
11064,17,39.00,77,0.1,3003.00
11064,41,9.65,12,0,115.80
11064,53,32.80,25,0.1,820.00
11064,55,24.00,4,0.1,96.00
11064,68,12.50,55,0,687.50
11065,30,25.89,4,0.25,103.56
11065,54,7.45,20,0.25,149.00
11066,16,17.45,3,0,52.35
11066,19,9.20,42,0,386.40
11066,34,14.00,35,0,490.00
11067,41,9.65,9,0,86.85
11068,28,45.60,8,0.15,364.80
11068,43,46.00,36,0.15,1656.00
11068,77,13.00,28,0.15,364.00
11069,39,18.00,20,0,360.00
11070,1,18.00,40,0.15,720.00
11070,2,19.00,20,0.15,380.00
11070,16,17.45,30,0.15,523.50
11070,31,12.50,20,0,250.00
11071,7,30.00,15,0.05,450.00
11071,13,6.00,10,0.05,60.00
11072,2,19.00,8,0,152.00
11072,41,9.65,40,0,386.00
11072,50,16.25,22,0,357.50
11072,64,33.25,130,0,4322.50
11073,11,21.00,10,0,210.00
11073,24,4.50,20,0,90.00
11074,16,17.45,14,0.05,244.30
11075,2,19.00,10,0.15,190.00
11075,46,12.00,30,0.15,360.00
11075,76,18.00,2,0.15,36.00
11076,6,25.00,20,0.25,500.00
11076,14,23.25,20,0.25,465.00
11076,19,9.20,10,0.25,92.00
11077,2,19.00,24,0.2,456.00
11077,3,10.00,4,0,40.00
11077,4,22.00,1,0,22.00
11077,6,25.00,1,0.02,25.00
11077,7,30.00,1,0.05,30.00
11077,8,40.00,2,0.1,80.00
11077,10,31.00,1,0,31.00
11077,12,38.00,2,0.05,76.00
11077,13,6.00,4,0,24.00
11077,14,23.25,1,0.03,23.25
11077,16,17.45,2,0.03,34.90
11077,20,81.00,1,0.04,81.00
11077,23,9.00,2,0,18.00
11077,32,32.00,1,0,32.00
11077,39,18.00,2,0.05,36.00
11077,41,9.65,3,0,28.95
11077,46,12.00,3,0.02,36.00
11077,52,7.00,2,0,14.00
11077,55,24.00,2,0,48.00
11077,60,34.00,2,0.06,68.00
11077,64,33.25,2,0.03,66.50
11077,66,17.00,1,0,17.00
11077,73,15.00,2,0.01,30.00
11077,75,7.75,4,0,31.00
11077,77,13.00,2,0,26.00
